customerid,namestyle,title,firstname
1,FALSE,Mr.,Orlando
2,FALSE,Mr.,Keith
3,FALSE,Ms.,Donna
4,FALSE,Ms.,Janet
5,FALSE,Mr.,Lucy
6,FALSE,Ms.,Rosmarie
7,FALSE,Mr.,Dominic
10,FALSE,Ms.,Kathleen
11,FALSE,Ms.,Katherine
12,FALSE,Mr.,Johnny
16,FALSE,Mr.,Christopher
18,FALSE,Mr.,David
19,FALSE,Mr.,John
20,FALSE,Ms.,Jean
21,FALSE,,Jinghao
22,FALSE,Ms.,Linda
23,FALSE,Mr.,Kerim
24,FALSE,Mr.,Kevin
25,FALSE,Mr.,Donald
28,FALSE,Ms.,Jackie
29,FALSE,Mr.,Bryan
30,FALSE,Mr.,Todd
34,FALSE,Ms.,Barbara
37,FALSE,Mr.,Jim
38,FALSE,Ms.,Betty
39,FALSE,Ms.,Sharon
40,FALSE,Mr.,Darren
41,FALSE,Ms.,Erin
42,FALSE,Mr.,Jeremy
43,FALSE,Ms.,Elsa
46,FALSE,Mr.,David
47,FALSE,Ms.,Hattie
48,FALSE,Ms.,Anita
52,FALSE,Ms.,Rebecca
55,FALSE,Mr.,Eric
56,FALSE,Mr.,Brian
57,FALSE,Ms.,Judy
58,FALSE,Mr.,Peter
59,FALSE,Mr.,Douglas
60,FALSE,Mr.,Sean
61,FALSE,Mr.,Jeffrey
64,FALSE,Mr.,Vamsi
65,FALSE,Ms.,Jane
66,FALSE,Mr.,Alexander
70,FALSE,Mr.,Deepak
73,FALSE,Ms.,Margaret
74,FALSE,Mr.,Christopher
75,FALSE,Ms.,Aidan
76,FALSE,Mr.,James
77,FALSE,Mr.,Michael
78,FALSE,Mr.,Stefan
79,FALSE,Mr.,Mitch
82,FALSE,Mr.,James
83,FALSE,Mr.,Eric
84,FALSE,Ms.,Della
88,FALSE,Ms.,Pamala
91,FALSE,Ms.,Joy
92,FALSE,Ms.,Jovita
93,FALSE,Mr.,Prashanth
94,FALSE,Mr.,Scott
95,FALSE,Ms.,Jane
96,FALSE,Ms.,Bonnie
97,FALSE,Mr.,Eugene
100,FALSE,Mr.,Kirk
101,FALSE,Mr.,William
102,FALSE,Ms.,Linda
106,FALSE,Ms.,Andrea
109,FALSE,Mr.,Daniel
110,FALSE,Ms.,Kendra
111,FALSE,Mr.,Scott
112,FALSE,Ms.,Elsie
113,FALSE,Mr.,Donald
114,FALSE,Mr.,John
115,FALSE,Mr.,George
118,FALSE,Mr.,Yale
119,FALSE,Ms.,Phyllis
120,FALSE,Mr.,Pat
124,FALSE,Ms.,Yuhong
127,FALSE,Mr.,Joseph
128,FALSE,Ms.,Judy
129,FALSE,Ms.,Connie
130,FALSE,Mr.,Paulo
131,FALSE,Ms.,Vanessa
132,FALSE,Ms.,Teanna
133,FALSE,Mr.,Michael
136,FALSE,Mr.,Derek
137,FALSE,,Gytis
138,FALSE,Ms.,Jane
142,FALSE,Mr.,Jon
145,FALSE,Mr.,Ted
146,FALSE,Mr.,Richard
147,FALSE,Ms.,Alice
148,FALSE,Mr.,Alan
149,FALSE,Mr.,Cornelius
150,FALSE,Ms.,Jill
151,FALSE,Mr.,Walter
154,FALSE,Mr.,Carlton
155,FALSE,Mr.,Joseph
156,FALSE,Mr.,Lester
160,FALSE,Ms.,Brigid
163,FALSE,Mr.,Andrew
164,FALSE,Ms.,Cindy
165,FALSE,Mr.,Randall
166,FALSE,Ms.,Stacey
167,FALSE,Mr.,Blaine
168,FALSE,Sr.,Luis
169,FALSE,Ms.,Brenda
172,FALSE,Ms.,Gabriele
173,FALSE,Mr.,Rudolph
174,FALSE,Mr.,Michael
178,FALSE,Mr.,Dick
180,FALSE,Ms.,Nicky
181,FALSE,Mr.,Michael
182,FALSE,Mr.,Stanley
183,FALSE,Mr.,Yao-Qiang
184,FALSE,Ms.,Marjorie
185,FALSE,Mr.,Sandeep
186,FALSE,Mr.,Pei
187,FALSE,Mr.,Frank
190,FALSE,Mr.,Mark
191,FALSE,Ms.,Sandra
192,FALSE,Mr.,Hao
196,FALSE,Ms.,Jolie
197,FALSE,Ms.,Diane
198,FALSE,Mr.,Payton
199,FALSE,Mr.,Roger
200,FALSE,Ms.,Peggy
201,FALSE,Ms.,Edna
202,FALSE,,A.
203,FALSE,Ms.,Jean
204,FALSE,Mr.,Ido
205,FALSE,Mr.,Frank
208,FALSE,Mr.,Steve
209,FALSE,Mr.,Robert
210,FALSE,Mr.,Josh
214,FALSE,Ms.,Jennifer
217,FALSE,Mr.,Chris
218,FALSE,Mr.,David
219,FALSE,Mr.,Brian
220,FALSE,Mr.,Robert
221,FALSE,Ms.,Sandra
222,FALSE,Mr.,Barry
223,FALSE,Ms.,Joyce
226,FALSE,Ms.,Vance
227,FALSE,Ms.,Robin
228,FALSE,Ms.,Danielle
232,FALSE,Mr.,David
235,FALSE,Ms.,Mary
236,FALSE,Ms.,Lola
237,FALSE,Ms.,Mary
238,FALSE,Ms.,Jodan
239,FALSE,Ms.,Jane
240,FALSE,Mr.,Jessie
241,FALSE,Mr.,Eric
244,FALSE,Mr.,Bronson
245,FALSE,Mr.,James
246,FALSE,Ms.,Esther
250,FALSE,Ms.,Denean
253,FALSE,Mr.,Erik
254,FALSE,Mr.,Robert
255,FALSE,Mr.,Sunil
256,FALSE,Mr.,Richard
257,FALSE,Mr.,Matthias
258,FALSE,Mr.,Sairaj
259,FALSE,Mr.,Lucio
262,FALSE,Ms.,Beth
263,FALSE,Mr.,Timothy
264,FALSE,Ms.,Phyllis
268,FALSE,Mr.,Richard
271,FALSE,Mr.,Jared
272,FALSE,Mr.,Henry
273,FALSE,Ms.,Christie
274,FALSE,Ms.,Janet
275,FALSE,Mr.,Chris
276,FALSE,Mr.,"""Michael John"""
277,FALSE,Mr.,Guy
280,FALSE,Mr.,Frances
281,FALSE,Ms.,"""Suzana De Abreu"""
282,FALSE,Mr.,Billy
286,FALSE,Mr.,Leo
287,FALSE,Mr.,Grant
288,FALSE,Mr.,Robert
289,FALSE,Ms.,Gabriel
290,FALSE,Mr.,Scott
291,FALSE,Mr.,Wayne
292,FALSE,Mr.,Michael
293,FALSE,Mr.,Conor
294,FALSE,Mr.,Alberto
295,FALSE,Mr.,Joseph
298,FALSE,Mr.,Robert
299,FALSE,Mr.,Thierry
300,FALSE,Mr.,Daniel
304,FALSE,Ms.,Linda
306,FALSE,Mr.,Stephen
307,FALSE,Ms.,Neva
308,FALSE,Ms.,Megan
309,FALSE,Mr.,John
310,FALSE,Mr.,Frank
311,FALSE,Sr.,Alvaro
312,FALSE,Mr.,Thomas
313,FALSE,Mr.,Dylan
316,FALSE,Mr.,Ben
317,FALSE,Mr.,Jacob
318,FALSE,Ms.,Ann
322,FALSE,Mr.,Matthew
323,FALSE,Mr.,Jo
325,FALSE,Ms.,Virginia
326,FALSE,Mr.,Scott
327,FALSE,Ms.,Caroline
328,FALSE,Mr.,Robert
329,FALSE,,Andreas
330,FALSE,Mr.,Mete
331,FALSE,Ms.,Wanda
334,FALSE,Ms.,Dora
335,FALSE,Mr.,John
336,FALSE,Mr.,Brian
340,FALSE,Mr.,Raja
343,FALSE,Ms.,Patricia
344,FALSE,Ms.,Karren
345,FALSE,Ms.,Abigail
346,FALSE,Mr.,Ranjit
347,FALSE,Ms.,Ingrid
348,FALSE,Mr.,Oscar
349,FALSE,Mr.,Gary
352,FALSE,Mr.,Shane
353,FALSE,Ms.,Joan
354,FALSE,Mr.,Maxwell
358,FALSE,Mr.,Joe
360,FALSE,Ms.,Ramona
361,FALSE,Ms.,Karan
362,FALSE,Ms.,Sharon
363,FALSE,Mr.,Chris
364,FALSE,Mr.,Imtiaz
365,FALSE,Mr.,Jack
366,FALSE,Ms.,Teresa
367,FALSE,Ms.,Tammy
370,FALSE,Ms.,Elizabeth
371,FALSE,Mr.,Bruno
372,FALSE,Ms.,Katherine
376,FALSE,Ms.,Mary
377,FALSE,Mr.,Marlin
379,FALSE,Mr.,Kevin
380,FALSE,Ms.,Eva
381,FALSE,Ms.,Julie
382,FALSE,Mr.,Robert
383,FALSE,Mr.,Scott
384,FALSE,Mr.,Clarence
385,FALSE,Mr.,John
388,FALSE,Mr.,Victor
389,FALSE,Ms.,Dorothy
390,FALSE,Mr.,Mike
394,FALSE,Ms.,Bonnie
395,FALSE,Ms.,June
397,FALSE,Mr.,Sandeep
398,FALSE,Ms.,Shirley
399,FALSE,Mr.,Chad
400,FALSE,Mr.,Peter
401,FALSE,Mr.,Tom
402,FALSE,Ms.,Marian
403,FALSE,Ms.,Juanita
406,FALSE,Mr.,Eddie
407,FALSE,Mr.,Robert
408,FALSE,Mr.,Alexander
412,FALSE,Ms.,Jean
415,FALSE,Mr.,Greg
416,FALSE,Ms.,Angela
417,FALSE,Ms.,Ruth
418,FALSE,Mr.,Lee
419,FALSE,Mr.,Darrell
420,FALSE,Mr.,Anthony
421,FALSE,Mr.,Forrest
424,FALSE,Mr.,Eli
425,FALSE,Mr.,Stephen
426,FALSE,Mr.,Dirk
430,FALSE,Sr.,Gustavo
431,FALSE,Mr.,Douglas
433,FALSE,Ms.,Lindsey
434,FALSE,Mr.,James
435,FALSE,Ms.,Carol
436,FALSE,Ms.,Barbara
437,FALSE,Ms.,Megan
438,FALSE,Mr.,Cory
439,FALSE,Ms.,Shannon
442,FALSE,Ms.,Jauna
443,FALSE,Sra.,"""Janaina Barreiro Gambaro"""
444,FALSE,Mr.,Shaun
448,FALSE,Mr.,Terry
451,FALSE,Mr.,John
452,FALSE,Ms.,Olga
453,FALSE,Mr.,Jon
454,FALSE,Ms.,Gail
455,FALSE,Mr.,James
456,FALSE,Mr.,Michael
457,FALSE,Mr.,Mark
460,FALSE,Ms.,Martha
461,FALSE,Mr.,Glenn
462,FALSE,Mr.,Bob
466,FALSE,Sra.,Janeth
468,FALSE,Mr.,Paul
469,FALSE,Ms.,Twanna
470,FALSE,Ms.,Delia
471,FALSE,Mr.,John
472,FALSE,Ms.,Ann
473,FALSE,Ms.,Kay
474,FALSE,Mr.,Mihail
475,FALSE,Mr.,John
478,FALSE,Ms.,"""Ruby Sue"""
479,FALSE,Ms.,Lori
480,FALSE,Ms.,Susan
484,FALSE,Mr.,Gary
487,FALSE,Ms.,Ruth
488,FALSE,Ms.,Margaret
489,FALSE,Ms.,Dorothy
490,FALSE,Ms.,Elizabeth
491,FALSE,Ms.,Frances
492,FALSE,Mr.,Garth
493,FALSE,Mr.,Michael
496,FALSE,Ms.,Marcia
497,FALSE,Ms.,Amy
498,FALSE,Ms.,Kelly
502,FALSE,Mr.,Krishna
504,FALSE,Ms.,Mae
505,FALSE,Mr.,Brad
506,FALSE,Mr.,François
507,FALSE,Mr.,Mary
508,FALSE,Mr.,Martin
509,FALSE,Mr.,Robert
510,FALSE,Mr.,Jimmy
511,FALSE,Mr.,Abraham
514,FALSE,Mr.,Ryan
515,FALSE,Mr.,Dragan
516,FALSE,Mr.,Thomas
520,FALSE,Ms.,Mari
523,FALSE,Ms.,Mary
526,FALSE,Mr.,David
527,FALSE,Ms.,Diane
528,FALSE,Ms.,Helen
529,FALSE,Ms.,Jeanie
532,FALSE,Ms.,Diane
533,FALSE,Ms.,Yuping
534,FALSE,Mr.,Stephen
538,FALSE,Mr.,John
541,FALSE,Mr.,Willie
542,FALSE,Mr.,Andrew
543,FALSE,Mr.,"""R. Morgan"""
544,FALSE,Mr.,Jay
545,FALSE,Mr.,Christian
546,FALSE,Mr.,Anton
547,FALSE,Ms.,Gladys
550,FALSE,Ms.,Raquel
551,FALSE,Mr.,Samuel
552,FALSE,Mr.,Tim
556,FALSE,Ms.,Nancy
559,FALSE,Ms.,Nkenge
560,FALSE,Mr.,Paul
561,FALSE,Mr.,Marvin
562,FALSE,Ms.,Yvonne
563,FALSE,Mr.,Sean
564,FALSE,Ms.,Michelle
565,FALSE,Mr.,Richard
568,FALSE,Mr.,Curtis
569,FALSE,Mr.,Cecil
570,FALSE,Mr.,Gregory
574,FALSE,Ms.,Janice
577,FALSE,Mr.,George
578,FALSE,Ms.,Carolyn
579,FALSE,Ms.,Kim
580,FALSE,Mr.,Joshua
581,FALSE,Ms.,Geri
582,FALSE,Ms.,Catherine
583,FALSE,Ms.,Laura
586,FALSE,Ms.,Shanay
587,FALSE,Ms.,Rhoda
588,FALSE,Mr.,Pat
592,FALSE,Mr.,Stefano
595,FALSE,Mr.,Alan
596,FALSE,Ms.,Kathie
597,FALSE,Mr.,Bob
598,FALSE,Mr.,Derik
599,FALSE,Mr.,Raul
600,FALSE,Ms.,Holly
601,FALSE,Mr.,Vassar
604,FALSE,Ms.,Wathalee
605,FALSE,Mr.,Matthew
606,FALSE,Ms.,Helge
607,FALSE,Ms.,Alice
608,FALSE,Mr.,Steven
609,FALSE,Mr.,David
610,FALSE,Ms.,"""Liza Marie"""
613,FALSE,Mr.,Jim
617,FALSE,Ms.,Arlene
620,FALSE,Mr.,Matthew
621,FALSE,Mr.,Matthew
622,FALSE,Mr.,Robert
623,FALSE,Ms.,Phyllis
624,FALSE,Mr.,Mike
625,FALSE,Ms.,Kayla
626,FALSE,Mr.,Lawrence
629,FALSE,Mr.,Ryan
630,FALSE,Mr.,Andrew
631,FALSE,Mr.,Robert
635,FALSE,Mr.,Roger
637,FALSE,Mr.,Robert
641,FALSE,Ms.,Rose
643,FALSE,Ms.,Denise
644,FALSE,Mr.,Gregory
645,FALSE,Mr.,Ronald
646,FALSE,Mr.,Scott
647,FALSE,Mr.,Michael
648,FALSE,Ms.,Cheryl
649,FALSE,Mr.,Walter
650,FALSE,Ms.,Margaret
653,FALSE,Ms.,Kara
654,FALSE,Mr.,Jésus
655,FALSE,Ms.,Irene
659,FALSE,Mr.,Ajay
660,FALSE,Mr.,Nieves
661,FALSE,Mr.,Kari
665,FALSE,Mr.,Tomas
668,FALSE,Ms.,Kathy
669,FALSE,Ms.,Patricia
670,FALSE,Ms.,Valerie
671,FALSE,Ms.,Jill
672,FALSE,Mr.,Gerald
673,FALSE,Mr.,John
674,FALSE,Ms.,Melissa
677,FALSE,Ms.,Cecelia
678,FALSE,Mr.,Reuben
679,FALSE,Ms.,Brenda
683,FALSE,Ms.,Linda
685,FALSE,Mr.,James
689,FALSE,Ms.,Sandra
692,FALSE,Ms.,Bev
693,FALSE,Mr.,Bart
694,FALSE,Ms.,Ann
695,FALSE,Mr.,Rob
696,FALSE,Mr.,Maciej
697,FALSE,Mr.,Roger
698,FALSE,Mr.,Andy
701,FALSE,Ms.,Linda
29485,FALSE,Ms.,Catherine
29486,FALSE,Ms.,Kim
29489,FALSE,Ms.,Frances
29490,FALSE,Ms.,Margaret
29492,FALSE,Mr.,Jay
29494,FALSE,Mr.,Samuel
29496,FALSE,Mr.,Robert
29497,FALSE,Mr.,François
29499,FALSE,Ms.,Amy
29502,FALSE,Mr.,Paul
29503,FALSE,Mr.,Gregory
29505,FALSE,Ms.,Michelle
29506,FALSE,Mr.,Sean
29508,FALSE,Mr.,Marvin
29510,FALSE,Mr.,Cecil
29511,FALSE,Mr.,Oscar
29515,FALSE,Mr.,Maxwell
29517,FALSE,Ms.,Ramona
29521,FALSE,Mr.,Tom
29522,FALSE,Mr.,Thomas
29523,FALSE,Mr.,John
29524,FALSE,Mr.,Chris
29525,FALSE,Ms.,Teresa
29527,FALSE,Mr.,Robert
29528,FALSE,Mr.,Stephen
29530,FALSE,Mr.,Daniel
29531,FALSE,Mr.,Cory
29532,FALSE,Mr.,James
29533,FALSE,Mr.,Douglas
29535,FALSE,Mr.,Wayne
29536,FALSE,Mr.,Robert
29539,FALSE,Mr.,Josh
29541,FALSE,,Gytis
29544,FALSE,Mr.,Shaun
29545,FALSE,Mr.,John
29546,FALSE,Mr.,Christopher
29548,FALSE,Ms.,Ann
29550,FALSE,Mr.,Stanley
29553,FALSE,Ms.,Edna
29554,FALSE,Mr.,Payton
29557,FALSE,Mr.,Alexander
29558,FALSE,Mr.,John
29559,FALSE,Mr.,Robert
29560,FALSE,Mr.,Matthias
29562,FALSE,Mr.,Steven
29565,FALSE,Mr.,Jimmy
29566,FALSE,Ms.,Mae
29567,FALSE,Ms.,Jackie
29568,FALSE,Mr.,Donald
29569,FALSE,Ms.,Linda
29570,FALSE,Mr.,Michael
29571,FALSE,Ms.,Gabriel
29573,FALSE,Sr.,Luis
29574,FALSE,Mr.,Randall
29576,FALSE,Mr.,Eli
29577,FALSE,Mr.,Lester
29579,FALSE,Mr.,Cornelius
29580,FALSE,Mr.,Richard
29582,FALSE,Mr.,Ted
29583,FALSE,Mr.,Alan
29584,FALSE,Mr.,Walter
29585,FALSE,Mr.,Christopher
29587,FALSE,Mr.,John
29588,FALSE,Mr.,Willie
29590,FALSE,Mr.,Jo
29591,FALSE,Mr.,Robert
29593,FALSE,Ms.,Mary
29596,FALSE,Mr.,Eric
29598,FALSE,Mr.,Michael
29599,FALSE,Ms.,Shirley
29600,FALSE,Ms.,June
29601,FALSE,Mr.,Dirk
29603,FALSE,Sra.,"""Janaina Barreiro Gambaro"""
29605,FALSE,Ms.,Megan
29606,FALSE,Ms.,Karren
29608,FALSE,Mr.,Timothy
29611,FALSE,Mr.,Jared
29612,FALSE,Mr.,Richard
29614,FALSE,Mr.,Ryan
29615,FALSE,Ms.,Mari
29616,FALSE,Ms.,Barbara
29617,FALSE,Ms.,Lindsey
29618,FALSE,Sr.,Gustavo
29620,FALSE,Ms.,Joan
29622,FALSE,Mr.,Henry
29623,FALSE,Mr.,Chris
29625,FALSE,Ms.,"""Suzana De Abreu"""
29627,FALSE,Mr.,Johnny
29629,FALSE,Mr.,Carlton
29631,FALSE,Ms.,Jane
29632,FALSE,Ms.,Jovita
29635,FALSE,Mr.,Rob
29636,FALSE,Mr.,Andy
29637,FALSE,Ms.,Donna
29638,FALSE,Ms.,Rosmarie
29639,FALSE,Mr.,Joseph
29641,FALSE,Mr.,Raul
29643,FALSE,Mr.,Matthew
29644,FALSE,Ms.,Brigid
29645,FALSE,Mr.,Andrew
29646,FALSE,Ms.,Stacey
29649,FALSE,Mr.,Pat
29650,FALSE,Mr.,Forrest
29651,FALSE,Mr.,Lee
29653,FALSE,Mr.,Pei
29654,FALSE,Mr.,Yao-Qiang
29655,FALSE,Ms.,Nicky
29659,FALSE,Ms.,Ruth
29660,FALSE,Mr.,Anthony
29662,FALSE,Ms.,Jill
29663,FALSE,Ms.,Alice
29666,FALSE,Ms.,Jane
29668,FALSE,Ms.,Connie
29671,FALSE,Mr.,Pat
29673,FALSE,Mr.,John
29674,FALSE,Mr.,Scott
29677,FALSE,Mr.,William
29680,FALSE,Ms.,Dorothy
29682,FALSE,Mr.,Scott
29683,FALSE,Ms.,Eva
29684,FALSE,Mr.,Marlin
29686,FALSE,Mr.,Jack
29688,FALSE,Mr.,Grant
29689,FALSE,Mr.,Scott
29690,FALSE,Mr.,Conor
29692,FALSE,Mr.,Thierry
29695,FALSE,Ms.,Megan
29696,FALSE,Sr.,Alvaro
29698,FALSE,Mr.,Jacob
29699,FALSE,Mr.,Alexander
29702,FALSE,Ms.,Aidan
29703,FALSE,Mr.,Stefan
29705,FALSE,Ms.,Della
29708,FALSE,Mr.,Prashanth
29709,FALSE,Ms.,Bev
29710,FALSE,Ms.,Brenda
29711,FALSE,Ms.,Gabriele
29713,FALSE,Mr.,Dick
29714,FALSE,Mr.,Rudolph
29716,FALSE,Mr.,Blaine
29717,FALSE,Ms.,Cindy
29719,FALSE,Ms.,Patricia
29720,FALSE,Mr.,Gerald
29722,FALSE,Mr.,Reuben
29727,FALSE,Mr.,Bart
29728,FALSE,Mr.,Maciej
29730,FALSE,Ms.,Linda
29732,FALSE,Ms.,Carol
29733,FALSE,Ms.,Shannon
29734,FALSE,Ms.,Jauna
29736,FALSE,Mr.,Terry
29737,FALSE,Mr.,John
29738,FALSE,Ms.,Gail
29739,FALSE,Mr.,Mark
29740,FALSE,Ms.,Martha
29741,FALSE,Sra.,Janeth
29742,FALSE,Ms.,Twanna
29743,FALSE,Ms.,Ann
29744,FALSE,Mr.,John
29747,FALSE,Ms.,Carolyn
29748,FALSE,Ms.,Geri
29750,FALSE,Ms.,Rhoda
29753,FALSE,Ms.,Kathie
29755,FALSE,Ms.,Kelly
29757,FALSE,Mr.,Garth
29758,FALSE,Ms.,Dorothy
29761,FALSE,Ms.,Susan
29763,FALSE,Mr.,Mihail
29764,FALSE,Mr.,John
29765,FALSE,Mr.,Paul
29766,FALSE,Mr.,Bob
29768,FALSE,Mr.,Michael
29769,FALSE,Mr.,Jon
29770,FALSE,Ms.,Kathleen
29771,FALSE,Mr.,Dominic
29772,FALSE,Ms.,Janet
29773,FALSE,Mr.,Orlando
29774,FALSE,Mr.,Darren
29775,FALSE,Mr.,Jim
29776,FALSE,Ms.,Barbara
29778,FALSE,Mr.,Leo
29780,FALSE,Mr.,Frances
29781,FALSE,Mr.,Guy
29782,FALSE,Ms.,Janet
29783,FALSE,Ms.,Mary
29784,FALSE,Ms.,Jeanie
29785,FALSE,Ms.,Diane
29787,FALSE,Mr.,Scott
29788,FALSE,Mr.,Mete
29789,FALSE,Mr.,Brian
29792,FALSE,Ms.,Abigail
29793,FALSE,Mr.,Michael
29794,FALSE,Mr.,Derek
29796,FALSE,Mr.,Jon
29797,FALSE,Ms.,Jane
29799,FALSE,Mr.,Douglas
29800,FALSE,Mr.,Brian
29803,FALSE,Ms.,Hattie
29805,FALSE,Ms.,Erin
29806,FALSE,Ms.,Betty
29807,FALSE,Mr.,Bryan
29809,FALSE,Mr.,Kerim
29810,FALSE,Ms.,Jean
29813,FALSE,Ms.,Katherine
29815,FALSE,Mr.,Lucy
29816,FALSE,Mr.,Keith
29818,FALSE,Mr.,Roger
29819,FALSE,Ms.,Ann
29822,FALSE,Mr.,James
29824,FALSE,Ms.,Brenda
29826,FALSE,Mr.,John
29827,FALSE,Ms.,Valerie
29830,FALSE,Mr.,Kari
29831,FALSE,Ms.,Irene
29832,FALSE,Mr.,Jésus
29834,FALSE,Ms.,Cheryl
29835,FALSE,Mr.,Ronald
29840,FALSE,Mr.,Andrew
29842,FALSE,Mr.,Mike
29843,FALSE,Mr.,Matthew
29847,FALSE,Mr.,David
29848,FALSE,Ms.,Helge
29850,FALSE,Mr.,Bob
29851,FALSE,Ms.,Jean
29852,FALSE,Mr.,Eddie
29853,FALSE,Ms.,Juanita
29854,FALSE,Mr.,Peter
29855,FALSE,Mr.,Curtis
29857,FALSE,Ms.,Janice
29858,FALSE,Mr.,George
29859,FALSE,Mr.,Joshua
29860,FALSE,Ms.,Arlene
29861,FALSE,Ms.,Phyllis
29862,FALSE,Mr.,Lawrence
29863,FALSE,Mr.,Ryan
29864,FALSE,Ms.,Beth
29865,FALSE,Mr.,Lucio
29866,FALSE,Mr.,Richard
29867,FALSE,Mr.,Erik
29868,FALSE,Ms.,Denean
29870,FALSE,Mr.,Bronson
29871,FALSE,Mr.,Eric
29872,FALSE,Ms.,Jodan
29873,FALSE,Ms.,Mary
29874,FALSE,Mr.,David
29876,FALSE,Ms.,Vance
29877,FALSE,Ms.,Joyce
29879,FALSE,Mr.,Stephen
29881,FALSE,Ms.,Danielle
29883,FALSE,Mr.,Barry
29884,FALSE,Mr.,Brian
29885,FALSE,Mr.,David
29889,FALSE,Ms.,Jean
29890,FALSE,Ms.,Peggy
29891,FALSE,Ms.,Diane
29892,FALSE,Ms.,Sandra
29893,FALSE,Mr.,Sandeep
29895,FALSE,Ms.,Lori
29897,FALSE,Ms.,Kay
29898,FALSE,Mr.,Sandeep
29900,FALSE,Mr.,Victor
29901,FALSE,Mr.,John
29902,FALSE,Mr.,Robert
29903,FALSE,Mr.,Kevin
29904,FALSE,Ms.,Mary
29905,FALSE,Ms.,Elizabeth
29906,FALSE,Mr.,Imtiaz
29907,FALSE,Ms.,Karan
29908,FALSE,Mr.,Joe
29910,FALSE,Mr.,Shane
29911,FALSE,Mr.,Tim
29913,FALSE,Mr.,Anton
29914,FALSE,Mr.,Christian
29915,FALSE,Mr.,Andrew
29918,FALSE,Mr.,Kirk
29919,FALSE,Mr.,Eugene
29920,FALSE,Mr.,Scott
29921,FALSE,Ms.,Joy
29922,FALSE,Ms.,Pamala
29924,FALSE,Mr.,Mitch
29925,FALSE,Ms.,Margaret
29926,FALSE,Mr.,Deepak
29928,FALSE,Mr.,Vamsi
29929,FALSE,Mr.,Jeffrey
29930,FALSE,Mr.,Peter
29931,FALSE,Mr.,Eric
29932,FALSE,Ms.,Rebecca
29934,FALSE,Mr.,David
29935,FALSE,Ms.,Elsa
29936,FALSE,Mr.,Michael
29937,FALSE,Ms.,Marjorie
29938,FALSE,Mr.,Frank
29939,FALSE,Mr.,Mark
29941,FALSE,Ms.,Jolie
29942,FALSE,Mr.,Roger
29943,FALSE,,A.
29944,FALSE,Ms.,Bonnie
29946,FALSE,Ms.,Linda
29948,FALSE,Ms.,Elsie
29949,FALSE,Mr.,George
29950,FALSE,Mr.,Yale
29952,FALSE,Ms.,Yuhong
29953,FALSE,Mr.,Joseph
29954,FALSE,Mr.,Paulo
29955,FALSE,Mr.,David
29956,FALSE,,Jinghao
29957,FALSE,Mr.,Kevin
29959,FALSE,Mr.,Todd
29962,FALSE,Ms.,Sharon
29964,FALSE,Ms.,Anita
29967,FALSE,Ms.,Judy
29969,FALSE,Mr.,Robert
29971,FALSE,Mr.,Robert
29973,FALSE,Ms.,Denise
29974,FALSE,Mr.,Scott
29975,FALSE,Mr.,Walter
29978,FALSE,Mr.,Ajay
29980,FALSE,Mr.,Tomas
29981,FALSE,Ms.,Kathy
29982,FALSE,Ms.,Melissa
29983,FALSE,Ms.,Cecelia
29985,FALSE,Ms.,Linda
29987,FALSE,Mr.,Frank
29988,FALSE,Mr.,Steve
29990,FALSE,Ms.,Jennifer
29991,FALSE,Mr.,Chris
29992,FALSE,Ms.,Sandra
29994,FALSE,Ms.,Robin
29997,FALSE,Ms.,Lola
29998,FALSE,Ms.,Jane
30000,FALSE,Mr.,James
30003,FALSE,Ms.,Yvonne
30004,FALSE,Ms.,Nkenge
30005,FALSE,Ms.,Nancy
30007,FALSE,Ms.,Raquel
30008,FALSE,Mr.,"""R. Morgan"""
30010,FALSE,Mr.,Stephen
30012,FALSE,Ms.,Helen
30016,FALSE,Mr.,Thomas
30018,FALSE,Ms.,Virginia
30019,FALSE,Mr.,Matthew
30021,FALSE,Mr.,Ben
30022,FALSE,Mr.,Dylan
30023,FALSE,Mr.,Frank
30024,FALSE,Ms.,Neva
30025,FALSE,Ms.,Linda
30027,FALSE,Mr.,Joseph
30028,FALSE,Ms.,Laura
30029,FALSE,Ms.,Shanay
30030,FALSE,Mr.,Stefano
30031,FALSE,Mr.,Alan
30032,FALSE,Mr.,Derik
30033,FALSE,Mr.,Vassar
30034,FALSE,Ms.,Wathalee
30035,FALSE,Ms.,Alice
30036,FALSE,Ms.,"""Liza Marie"""
30037,FALSE,Mr.,Jim
30039,FALSE,Mr.,Robert
30040,FALSE,Ms.,Kayla
30042,FALSE,Ms.,"""Ruby Sue"""
30044,FALSE,Mr.,Gary
30045,FALSE,Ms.,Ruth
30046,FALSE,Ms.,Elizabeth
30047,FALSE,Mr.,Michael
30048,FALSE,Ms.,Marcia
30050,FALSE,Mr.,Krishna
30051,FALSE,Mr.,Brad
30052,FALSE,Mr.,Abraham
30053,FALSE,Ms.,Katherine
30055,FALSE,Ms.,Julie
30056,FALSE,Mr.,Clarence
30058,FALSE,Mr.,Mike
30061,FALSE,Mr.,Chad
30063,FALSE,Ms.,Vanessa
30064,FALSE,Ms.,Judy
30067,FALSE,Ms.,Phyllis
30069,FALSE,Mr.,Donald
30070,FALSE,Ms.,Kendra
30071,FALSE,Mr.,Daniel
30072,FALSE,Ms.,Andrea
30074,FALSE,Ms.,Yuping
30076,FALSE,Ms.,Diane
30080,FALSE,Ms.,Delia
30083,FALSE,Mr.,Glenn
30087,FALSE,Mr.,Billy
30089,FALSE,Mr.,"""Michael John"""
30090,FALSE,Ms.,Christie
30093,FALSE,Ms.,Phyllis
30094,FALSE,Mr.,Sairaj
30095,FALSE,Mr.,Sunil
30098,FALSE,Ms.,Esther
30100,FALSE,Mr.,Jessie
30102,FALSE,Mr.,Roger
30104,FALSE,Ms.,Rose
30105,FALSE,Mr.,Gregory
30106,FALSE,Mr.,Michael
30107,FALSE,Ms.,Margaret
30108,FALSE,Ms.,Kara
30109,FALSE,Mr.,Nieves
30110,FALSE,Mr.,Gary
30111,FALSE,Mr.,Ranjit
30112,FALSE,Ms.,Patricia
30113,FALSE,Mr.,Raja
30115,FALSE,Ms.,Dora
30116,FALSE,Ms.,Wanda
30117,FALSE,Mr.,Robert
30118,FALSE,Ms.,Caroline
